{"cameraMode":{"drawMode":0,"name":"Shaded","section":"Shading Mode"},"sceneLighting":true,"audioPlay":false,"sceneViewState":{"m_AlwaysRefresh":false,"showFog":true,"showSkybox":true,"showFlares":true,"showImageEffects":true,"showParticleSystems":true,"showVisualEffectGraphs":true,"m_FxEnabled":true},"in2DMode":false,"pivot":{"x":-0.7810455560684204,"y":0.05082925409078598,"z":-5.840014934539795},"rotation":{"x":-0.024746960029006006,"y":0.1145910993218422,"z":-0.0026235366240143778,"w":-0.9930545687675476},"size":1.7386043071746827,"orthographic":false}