{"cameraMode":{"drawMode":0,"name":"Shaded","section":"Shading Mode"},"sceneLighting":true,"audioPlay":false,"sceneViewState":{"m_AlwaysRefresh":false,"showFog":true,"showSkybox":true,"showFlares":true,"showImageEffects":true,"showParticleSystems":true,"showVisualEffectGraphs":true,"m_FxEnabled":true},"in2DMode":false,"pivot":{"x":-0.4317247271537781,"y":-14.197511672973633,"z":20.705120086669923},"rotation":{"x":-0.2986564040184021,"y":-0.010871903970837593,"z":0.003435790305957198,"w":-0.9542915225028992},"size":19.35282325744629,"orthographic":false}