{"cameraMode":{"drawMode":0,"name":"Shaded","section":"Shading Mode"},"sceneLighting":true,"audioPlay":false,"sceneViewState":{"m_AlwaysRefresh":false,"showFog":true,"showSkybox":true,"showFlares":true,"showImageEffects":true,"showParticleSystems":true,"showVisualEffectGraphs":true,"m_FxEnabled":true},"in2DMode":false,"pivot":{"x":-0.42242231965065,"y":-0.3422938287258148,"z":33.15779495239258},"rotation":{"x":-0.00990566611289978,"y":0.010625936090946198,"z":0.0011645799968391657,"w":-0.9999773502349854},"size":19.868999481201173,"orthographic":false}