{"cameraMode":{"drawMode":0,"name":"Shaded","section":"Shading Mode"},"sceneLighting":true,"audioPlay":false,"sceneViewState":{"m_AlwaysRefresh":false,"showFog":true,"showSkybox":true,"showFlares":true,"showImageEffects":true,"showParticleSystems":true,"showVisualEffectGraphs":true,"m_FxEnabled":true},"in2DMode":false,"pivot":{"x":2.909071207046509,"y":-0.3467816710472107,"z":0.5659963488578796},"rotation":{"x":-0.018713807687163354,"y":-0.12923391163349152,"z":0.0025609340518712999,"w":-0.9914006590843201},"size":5.524459362030029,"orthographic":false}